entry_id,pretty_formula
mp-1007636,KLuS2
mp-1184905,K
mp-145,Lu
mp-1022,K2S
mp-14018,K3As
mp-126,Pt
mp-8700,K2Au3
mp-569940,K3Bi
mp-8426,K2Se
mp-11534,Np
mp-1747,K2Te
mp-90,Cr
mp-1201270,KErF4
mp-99,Er
mp-1211695,K3ErF6
mp-463,KF
mp-17371,K2ErF5
mp-72,Ti
mp-23193,KCl
mp-1212012,K10Tl7
mp-784,KZn13
mp-2,Pd
mp-113,Tc
mp-23251,KBr
mp-2364,PaO2
mp-10740,Pa
mp-1206970,KPaO3
mp-971,K2O
mp-2732,PRh2
mp-74,Rh
mp-12098,K(PRh)2
mp-28424,K4P3
mp-76,Sr
mp-613989,Pu
mp-865934,YbF2
mp-162,Yb
mp-1211645,K3TmF6
mp-1202753,KTmF4
mp-143,Tm
mp-1211536,K2TmF5
mp-1211691,K2TbF5
mp-11698,Tb
mp-24084,KH
mp-69,Sm
mp-134,Al
mp-123,Nd
mp-22898,KI
mp-54,Co
mp-1217,KSi
mp-13,Fe
mp-131,Zr
mp-28,Ce
mp-1223845,K(SiPd)4
mp-697068,SiPd2
mp-20622,SiPd3
mp-505071,Si2Pd9
mp-30,Cu
mp-542374,KSn
mp-505622,Mn4N
mp-35,Mn
mp-9981,Mn2N
mp-1029804,KMnN2
mp-827,KN3
mp-1202778,K3Cd16
mp-2146,KGe
mp-91,W
mp-568052,K2Ga3
mp-44,U
mp-11462,KHg
mp-29584,K4BeAs2
mp-87,Be
mp-14017,K3Sb
mp-50,Ta
mp-34232,K(AsRh)2
mp-129,Mo
mp-103,Hf
mp-582929,K8In11
mp-7643,K2AgSb
mp-12735,KAg2
mp-49,Os
mp-2512,AsPd5
mp-1183069,Ac
mp-705522,Sr28In11
mp-20074,SrIn2
mp-655461,SrIn
mp-2286,Li2Se
mp-135,Li
mp-8756,KLiSe
mp-976876,K2PtC2
mp-28930,KC8
mp-1064227,Ca
mp-1185557,Mg149Bi
mp-1185536,KMg149
mp-1079585,Nb2N
mp-75,Nb
mp-2634,NbN
mp-1029504,KNbN2
mp-1029869,K15Mo7N19
mp-1080848,KVN2
mp-1018027,VN
mp-1188283,V8N
mp-146,V
mp-1087476,K2Mg5Sn3
mp-1185637,Mg149Sn
mp-101,Ir
mp-33,Ru
mp-1206920,K(PIr)2
mp-1211665,K3LuF6
mp-21526,KPb
mp-1212010,K2DyF5
mp-1184067,Dy
mp-1211654,K3DyF6
mp-26,La
mp-1299,SiPt2
mp-1223832,K(SiPt)4
mp-37,Th
mp-1079938,TlPd3
mp-155,Gd
mp-1186901,Re
mp-23,Ni
mp-504498,K2CdPb
mp-1059256,Pr
mp-1079438,Ta2N
mp-1279,TaN
mp-570755,KTaN2
mp-974713,K2H4Pt
mp-1185628,Mg149Sb
mp-7089,KMgSb
mp-569535,Ca2Bi
mp-27145,Ca5Bi3
mp-773137,KCaBi
mp-2292,La2O3
mp-7283,LaB4
mp-2680,LaB6
mp-1019777,K2La2B2O7
mp-3919,KBO2
mp-1346,B6O
mp-1076,KB6
mp-7958,KLaO2
mp-1186055,Na
mp-1079679,K2CdSn
mp-865798,GaCu3
mp-1138,LiF
mp-67,Sc
mp-1111110,K2LiScF6
mp-1111079,K3ScF6
mp-7396,Li3Tl
mp-12283,Li5Tl2
mp-1077191,Li2Tl
mp-510430,Li13In3
mp-21293,Li3In2
mp-31324,Li2In
mp-757,Li3As
mp-28994,KLi2As
mp-1228988,AlAg3
mp-985805,AlAg2
mp-1025122,LuCu2
mp-580136,LuCu5
mp-1184151,Cs
mp-571222,CsBr
mp-768368,K4I2O
mp-28273,K3CuO2
mp-28171,K3IO
mp-1080443,YCu
mp-1534,YS
mp-112,Y
mp-2698,YCu2
mp-1006888,KYS2
mp-2797,YCu5
mp-980769,SmCu
mp-1269,SmS
mp-1077154,SmCu2
mp-227,SmCu5
mp-15783,KSmS2
mp-1018737,KMgP
mp-30841,UPd3
mp-1221,V3Ge
mp-560869,K3VO4
mp-17015,K4GeO4
mp-2352,Na2O
mp-2652,Y2O3
mp-8409,KYO2
mp-769176,K5YO4
mp-31212,K2MgF4
mp-1019089,KMgAs
mp-554146,K14In4O13
mp-667326,K5InO4
mp-865782,Yb3SiO
mp-1216,YbO
mp-10651,YbSi
mp-1207599,Yb2Si
mp-15379,K2SiO3
mp-30990,K6Si2O7
mp-18700,K4SiO4
mp-2807,ScP
mp-22600,Sc3P2
mp-1188800,Sc3P
mp-1753,ThAs
mp-643,ThO2
mp-1211547,K2ThO3
mp-540914,K3MnO3
mp-19148,K2Mn2O3
mp-541682,K3AlAs2
mp-5525,KAlO2
mp-9157,K3AlO3
mp-1225049,K18Na46Tl31
mp-1197369,K16Na9(Tl6Cd)3
mp-504840,K4WO5
mp-1186271,NaMg149
mp-1185635,Mg149Tl
mp-601,PrP
mp-16705,Pr2O3
mp-557753,K3PO4
mp-4519,KPrO2
mp-3614,KTaO3
mp-1405,TbGe
mp-2610,Tb5Ge3
mp-1610,TbS
mp-1673,Tb5Ge4
mp-999129,KTbS2
mp-7642,K2AgAs
mp-1820,YbS
mp-13743,K3GaO3
mp-1186899,Rb
mp-11266,BaCd2
mp-9909,Ba5Sb3
mp-527,BaCd
mp-8093,Ba2Cd
mp-122,Ba
mp-551835,Ba2I2O
mp-1342,BaO
mp-144,Ho
mp-1193534,YBe13
mp-17077,K2YF5
mp-13230,K3YF6
mp-1056,Tb2O3
mp-3963,K2CO3
mp-15237,Tb4C5
mp-692,Tb2C
mp-555531,K5Tl3O
mp-218,Sm2O3
mp-1219177,Sm2C
mp-569335,Sm2C3
mp-1178133,KSmO2
mp-1767,Tm2O3
mp-753774,KTmO2
mp-1205180,Tm3C4
mp-1216546,Tm2C
mp-2051,LaCu2
mp-1560,LaTe
mp-1078920,LaCu
mp-1194443,LaCu13
mp-30590,LaCu6
mp-2613,LaCu5
mp-1211821,K4MoO5
mp-216,Sc2O3
mp-8188,KScO2
mp-1427,Lu2O3
mp-1178135,KLuO2
mp-1222310,Lu2C
mp-1203767,Lu3C4
mp-1472,ZrB2
mp-554098,Ti6O
mp-1045,Nd2O3
mp-2591,Ti3O
mp-1215,Ti2O
mp-17904,Nd2TiO5
mp-1071163,TiO
mp-754158,KNdO2
mp-756510,K4TiO4
mp-5455,K6Ti2O7
mp-13133,K2TiO3
mp-1211538,KNdTiO4
mp-812,Ho2O3
mp-754883,KHoO2
mp-679,Er2O3
mp-7959,KErO2
mp-7233,La2SeO2
mp-1161,LaSe
mp-11219,LuB2
mp-571495,LuB4
mp-1211659,K3Lu(BO3)2
mp-1104289,LuB12
mp-13972,Sm2SeO2
mp-1006891,KSmSe2
mp-1447,SmSe
mp-11283,ZrBe5
mp-30445,ZrBe13
mp-2544,Zr2Be17
mp-18073,K7TaAs4
mp-1014265,Zr2N
mp-1352,ZrN
mp-277,Zr3N4
mp-13155,Hf2Ag
mp-13156,HfAg
mp-18051,La2TiO5
mp-1211901,KLaTiO4
mp-21289,TiZn3
mp-30882,TiZn2
mp-28382,K4ZnO3
mp-1014229,Ti2Zn
mp-1014230,TiZn
mp-13975,Er2SeO2
mp-2491,ErSe
mp-1960,Li2O
mp-2116,ZrMn2
mp-467,Th3N4
mp-834,ThN
mp-504886,Gd2O3
mp-757021,KGdO2
mp-13973,Gd2SeO2
mp-510404,GdSe
mp-11192,TaSi2
mp-1989,Ta5Si3
mp-568646,Ta3Si
mp-979289,TaW3
mp-1187206,Ta3W
mp-542201,Ba3Nb2O8
mp-1224039,K4BaNb5O15
mp-935811,KNbO3
mp-757571,Ba13Nb14O42
mp-1223493,KBa2Nb3O9
mp-683,Pr2C3
mp-16839,Na3WN3
mp-1030950,K15W7N19
mp-1223632,KNa2WN3
mp-685008,Ba20As13
mp-1981,Ba2Sn
mp-872,BaSn
mp-7505,K2P2Pd
mp-19879,PPd3
mp-1618,PPd6
mp-2011,UP
mp-787,U3P4
mp-504425,Nb3As
mp-18361,K7NbAs4
mp-4764,Pr2SeO2
mp-1674,PrSe
mp-2542,BeO
mp-28559,Na6Be8O11
mp-28588,Na2BeO2
mp-14324,K2Na4Be2O5
mp-27915,K2BeO2
mp-28158,K4Be3O5
mp-639805,Ta3Ge
mp-17593,Ta5Ge3
mp-14429,CsK4GaO4
mp-3211,Nd2SO2
mp-1748,NdS
mp-1006885,KNdS2
mp-614455,GdCu
mp-510402,GdS
mp-1077933,GdCu2
mp-636253,GdCu5
mp-15784,KGdS2
mp-2605,CaO
mp-1672,CaS
mp-28302,K4CdP2
mp-580364,HoCu5
mp-30584,HoCu2
mp-1971,HoCu
mp-464,HoSe
mp-30579,ErCu5
mp-1024991,ErCu2
mp-1955,ErCu
mp-2823,NdP
mp-1500,BaS
mp-1598,Na3P
mp-16847,K3Na2SnP3
mp-30794,Na15Sn4
mp-1203324,Zr3Ge
mp-17706,Zr5Ge3
mp-561418,Zr3O
mp-1215377,Zr4O
mp-18449,K2ZrO3
mp-1211624,K4ZrO4
mp-27377,K4Zr5O12
mp-1025513,ZrGe
mp-1200749,Zr5Ge4
mp-28825,K3CoO2
mp-29210,Li2Ga
mp-9568,Li3Ga2
mp-1205930,Li5Ga4
mp-17774,K2Li3GaO4
mp-1307,LiGa
mp-655,Na3As
mp-34127,K2NaAs
mp-1623,ErS
mp-12671,Er2SO2
mp-4326,KErS2
mp-259,AlMo3
mp-2733,Al8Mo3
mp-550,Al12Mo
mp-571053,Al5Mo
mp-571247,Al3Mo
mp-1084830,LaGe
mp-1188469,La5Ge3
mp-1211671,La3Ge5
mp-31430,Na2In
mp-10688,CeO
mp-542313,Ce2O3
mp-2629,Ce7O12
mp-32613,Ce5O9
mp-505619,Ce11O20
mp-673643,Ce17O32
mp-2154,CeP
mp-1096,CeS
mp-2472,SrO
mp-530539,Sr4U2O9
mp-1597,UO2
mp-4126,KUO3
mp-8794,K4UO5
mp-3956,Sr3UO6
mp-1898,CeSi2
mp-570175,Ce5Si3
mp-1079007,Ce3Si2
mp-21115,CeSi
mp-28627,K4Br2O
mp-28166,K3BrO
mp-626785,KHO
mp-24589,K2HBrO
mp-504962,K2Na3InO4
mp-553975,K3Na2InO4
mp-2379,CoSi2
mp-7577,CoSi
mp-19905,Co2Si
mp-931,ThP
mp-2384,LaP
mp-8253,Na5ReO6
mp-21949,K4PbO3
mp-554034,KLa2NbO6
mp-3236,Pr2SO2
mp-15782,KPrS2
mp-2495,PrS
mp-14679,K14Fe4O13
mp-12040,K5FeO4
mp-710,SmP
mp-1144,ErP
mp-11506,Ni3Mo
mp-11507,Ni4Mo
mp-9200,K3AuO
mp-13415,Ta3B2
mp-1097,TaB
mp-1108,TaB2
mp-10142,Ta3B4
mp-28629,Ta5B6
mp-890,NdIr2
mp-30522,Nd5Ir3
mp-1104605,Nd5Ir2
mp-1189686,Nd3Ir
mp-1569,Be2C
mp-18350,V3P
mp-684675,V12P7
mp-1192783,V4P3
mp-556902,KLi4NbO5
mp-759900,K2LiNbO4
mp-1777,Li15Ge4
mp-27932,Li9Ge4
mp-11908,Lu5Si3
mp-1001612,LuSi
mp-557543,K3LuSi2O7
mp-2580,NbB
mp-20689,Nb3B2
mp-450,NbB2
mp-10255,Nb3B4
mp-1080021,Nb2B3
mp-1190736,Ca8Al3
mp-2741,CaF2
mp-2404,CaAl2
mp-5926,KCaF3
mp-1211343,KNdF4
mp-557798,K5Li2NdF10
mp-1211860,K2NdF5
mp-1225940,K30Ga9As19
mp-616559,Ti2S
mp-7439,K3Cu3P2
mp-8446,K2CuP
mp-2104,UAs
mp-1193889,HoBe13
mp-1202279,KHoF4
mp-1212022,K2HoF5
mp-1211714,K3HoF6
mp-2493,CeN
mp-2350,LaS
mp-15781,KLaS2
mp-574275,Li17Pb4
mp-30761,Li7Pb2
mp-30760,Li3Pb
mp-570421,Sm2B5
mp-8546,SmB4
mp-559574,K3Sm(BO3)2
mp-6996,SmB6
mp-561202,K6NbAs3O
mp-20300,EuP
mp-21394,EuO
mp-1057315,Eu
mp-1105092,Eu3P4
mp-768949,KEuO2
mp-13686,Nb5Si3
mp-2478,NbSi2
mp-567412,Y5Sn3
mp-1199133,Y11Sn10
mp-279,LiIr
mp-30738,LiIr3
mp-1224756,Hf14Cu51
mp-30581,Hf2Cu
mp-1200988,Hf7Cu10
mp-7353,Hf3Cu8
mp-980757,Sm5Sb3
mp-2281,SmSb
mp-262,Na3B20
mp-28395,B6P
mp-2315,NaB15
mp-9664,K3BP2
mp-1207022,K(PRu)2
mp-863707,KNa2Bi
mp-1189967,Pr3Os
mp-567339,PrOs2
mp-1102043,LaOs2
mp-8753,K4HgP2
mp-1751,ThSb
mp-978,Sr2Sn
mp-15698,Sr5As3
mp-1698,SrSn
mp-29424,Sr4As3
mp-568190,La8C8Cl5
mp-1184,La2C3
mp-2367,LaC2
mp-739,TiP
mp-31214,Ti3P
mp-30218,Ti2P
mp-1191079,Ti7P4
mp-20587,EuS
mp-21279,EuSi
mp-21009,EuSe
mp-1190061,Eu5Si3
mp-1072248,EuSi2
mp-1542,YB2
mp-637,YB4
mp-555495,K3Y(BO3)2
mp-1199934,Ti3As
mp-1201836,Ti5As3
mp-2599,NdN
mp-343,PrN
mp-1071422,CeAg2
mp-11270,MnBe2
mp-1104792,MnBe12
mp-7806,Cr3P
mp-21048,CrP
mp-769271,Sr4Ta2O9
mp-7148,K2SrTa2O7
mp-9872,K4BeP2
mp-1153,Li2S
mp-8430,KLiS
mp-7083,LaSi
mp-10961,La5Si3
mp-2062,LaSi2
mp-1224505,K6InP3
mp-9687,K2PAu
mp-14624,K5P2Au
mp-2470,DyS
mp-2627,DyAs
mp-15785,KDyS2
mp-20995,Eu4As3
mp-1106024,Eu5As3
mp-193,Zr2Cu
mp-1193856,Zr21S8
mp-1188077,Zr7Cu10
mp-1216441,Zr14Cu51
mp-8683,K5As2Au
mp-1025162,K2NpO4
mp-2616,NpO2
mp-1185015,KNpO3
mp-9666,K2NaGaP2
mp-15417,K2GaP2
mp-9703,K2LiGaAs2
mp-708,LaAs
mp-30578,DyCu5
mp-1071835,DyCu2
mp-814,DySe
mp-2334,DyCu
mp-510401,GdP
mp-1640,Ho2C
mp-15238,Ho4C5
mp-1202754,Ho3C4
mp-1154,Ho4C7
mp-9546,Yb2C3
mp-1103975,YbC6
mp-984,BN
mp-1019888,KNa2BN2
mp-19918,GdGe
mp-1198083,Gd5Ge4
mp-1184119,CuPd3
mp-1018029,CuPd
mp-580357,Cu3Pd
mp-1186074,Na3Pd
mp-600561,LiRh
mp-1001787,LiRh3
mp-1018131,LuAg2
mp-568953,LuAg4
mp-30354,ScAg4
mp-1018128,ScAg2
mp-11237,ScAg
mp-614603,CsI
mp-13392,NdCu
mp-11852,NdCu2
mp-1140,NdCu5
mp-1837,TbCu
mp-1527,TbCu2
mp-11363,TbCu5
mp-1240,HoS
mp-15786,KHoS2
mp-972521,SmGe
mp-1506,Sm5Ge4
mp-763,MgB2
mp-365,MgB4
mp-1265,MgO
mp-978275,MgB7
mp-12171,K6MgO4
mp-1191101,KMgBO3
mp-755802,K2MgO2
mp-1253,BaSe
mp-7171,TmP
mp-8300,Ba4As2O
mp-752658,Y2SeO2
mp-2637,YSe
mp-1326,Nb3Sn
mp-571461,K4ZnAs2
mp-9778,K2AgP
mp-18040,KPrF4
mp-1196988,K5Li2PrF10
mp-30228,Li4HN
mp-2251,Li3N
mp-23703,LiH
mp-23702,LiH2N
mp-1198663,K2Li(H2N)3
mp-24428,KH2N
mp-699284,Li2HN
mp-1201065,Li15H9N8
mp-570606,Pr4Ge3
mp-511,PrGe
mp-1209801,Pr3Ge5
mp-24726,TiH2
mp-1186974,Sc3Tl
mp-2801,CeCu2
mp-21708,CeCu6
mp-862658,LiCu3
mp-1334,Y2C
mp-9459,Y4C5
mp-1200613,Y3C4
mp-1200885,Y4C7
mp-4511,La2SO2
mp-742,Ti2Cu
mp-1188441,TiCu4
mp-2078,TiCu
mp-2643,Ti3Cu4
mp-1103990,EuC6
mp-13971,Nd2SeO2
mp-1453,NdSe
mp-5598,Sm2SO2
mp-1225044,Er2C
mp-1203719,Er3C4
mp-965,TbB2
mp-568225,TbB4
mp-1211631,K3Tb(BO3)2
mp-546552,KCrO2
mp-1211715,K4CrO4
mp-2345,Dy2O3
mp-1178141,KDyO2
mp-22266,GdB6
mp-1105563,GdB4
mp-1211764,K3Gd(BO3)2
mp-28366,Gd2B5
mp-1718,ZrFe2
mp-31205,Zr3Fe
mp-1139,Co3Mo
mp-21075,HfC
mp-1211956,K2Na4ZnSn2
mp-1220316,NbW
mp-567735,Nd5Si3
mp-884,NdSi2
mp-9967,NdSi
mp-355,Nd5Si4
mp-8614,K3NdSi2O7
mp-2593,AlNi3
mp-622209,Al3Ni
mp-1057,Al3Ni2
mp-16515,Al4Ni3
mp-1487,AlNi
mp-16514,Al3Ni5
mp-29585,K4CdAs2
mp-1065,LaSb
mp-759,La2Sb
mp-1223,La4Sb3
mp-32606,Ba3P2
mp-567846,Ta3P
mp-22477,Ta2P
mp-1067587,TaP
mp-1223894,K5BaTaP4
mp-17566,Ba5P4
mp-28823,Ba4P3
mp-1223953,K5BaNbAs4
mp-1224114,K4Ba2SnP4
mp-1377,ThCu2
mp-503,ThS
mp-12834,ThCu6
mp-637224,Pu2O3
mp-24720,PuH2
mp-1959,PuO2
mp-862794,K2Pu2O5
mp-863708,KPuO3
mp-1025158,K2PuO4
mp-9968,PrSi
mp-1079937,Pr3Si2
mp-27760,PrSi2
mp-1185586,Mg149Be
mp-855,MgBe13
mp-2836,Dy5Si3
mp-1182,DySi
mp-569825,Dy10Si17
mp-16595,K3DySi2O7
mp-13236,Ho5Si3
mp-12900,HoSi
mp-569851,Ho10Si17
mp-16596,K3HoSi2O7
mp-1189863,Tm5Si3
mp-1066975,TmSi
mp-16598,K3TmSi2O7
mp-1203025,Np2N3
mp-2596,NpN
mp-1211990,K7NaGe8
mp-865166,HfPd5
mp-11453,HfPd3
mp-11454,Hf2Pd
mp-1007692,HfPd
mp-21511,K2NaInP2
mp-23222,Li3Bi
mp-18337,Be3N2
mp-24355,KBe(H2N)3
mp-15724,KNa2Sb
mp-7258,K4SnO4
mp-14988,K4SnO3
mp-1200894,Zr3As
mp-1682,ZrAs
mp-972228,Zr3As2
mp-1191610,Zr7As4
mp-1203256,Zr14As9
mp-541694,K2Na3SiP3
mp-8235,K2SiP2
mp-1849,Mn2P
mp-20422,KMnP
mp-15684,K2CuAs
mp-14623,K5CuAs2
mp-1213975,CaB4
mp-865,CaB6
mp-555023,KCa4(BO3)3
mp-1199558,Sm5Ir3
mp-1104500,Sm5Ir2
mp-7342,Sm3Ir
mp-769284,Dy2SeO2
mp-510522,Zr5Sn3
mp-543001,Zr5Sn4
mp-17833,Ba3GeO
mp-13922,Ba2Ge
mp-1730,BaGe
mp-9858,Ba3Ge4
mp-9774,Ba4Sb2O
mp-2667,CsAu
mp-1800,Nd2C3
mp-19830,ErN
mp-2602,NdAs
mp-1738,SmAs
mp-2795,ZrC
mp-684623,Zr10C9
mp-994,YP
mp-6058,K2NaScF6
mp-568404,Li9Al4
mp-736,Li3P
mp-1067,LiAl
mp-16506,Li3Al2
mp-6450,K2LiAlP2
mp-1210753,Li2Al
mp-541684,K3AlP2
mp-6500,KRb2ScF6
mp-2296,Ni3P
mp-2790,Ni12P5
mp-9672,K2NiP2
mp-2563,CeSe
mp-567290,LaN
mp-24119,Ca2HN
mp-23713,CaH2
mp-2686,Ca2N
mp-844,Ca3N2
mp-720856,KCa(H2N)3
mp-644307,Ca(H2N)2
mp-34932,CaHN
mp-24650,YH2
mp-2114,YN
mp-1934,LiZn
mp-975799,LiZn3
mp-10408,K2CN2
mp-777297,K5H(CN2)2
mp-663,NdGe
mp-1464,Nd5Ge3
mp-172,Nd5Ge4
mp-30600,TmCu5
mp-1077209,TmCu2
mp-985,TmCu
mp-2822,TmSe
mp-2585,Sr5Sb3
mp-30496,SrCd
mp-677,SrCd2
mp-9068,K2NaAlP2
mp-9069,K2NaAlAs2
mp-1213387,Dy3C4
mp-1212812,Dy4C5
mp-12574,Dy2C
mp-2088,CeAl2
mp-1206597,CeAlSi
mp-567305,CeAl3
mp-1222413,LiB3
mp-27275,Li3BO3
mp-1001835,LiB
mp-557632,K2LiBO3
mp-558628,KLi2BO3
mp-8263,KNa2BO3
mp-7664,Na6ZnO4
mp-1228030,Ba4Bi2O
mp-1000,BaTe
mp-1078191,Ba2TeO
mp-29621,Ba5Bi3
mp-1187909,Yb3P
mp-2390,YbP
mp-1229012,AgPd
mp-1183206,Ag3Pd
mp-866641,K2Na(H2N)3
mp-28383,KNaS
mp-1804,Fe3N
mp-6988,FeN
mp-19026,Na4FeO3
mp-1205067,KNa4FeO4
mp-23956,K2MgH4
mp-1206409,K(FeP)2
mp-18708,Fe3P
mp-778,Fe2P
mp-769173,PrOF
mp-1192490,K5Pr4Si4O16F
mp-1223421,KPr9(Si3O13)2
mp-24239,K(BH)6
mp-37722,KBH4
mp-11719,K4ZnP2
mp-695998,K2ZnH4
mp-20712,EuGe
mp-972422,U3Ge
mp-1095642,Eu2Ge
mp-1188934,Eu5Ge3
mp-1188076,ThMg149
mp-1418,FeNi3
mp-2213,FeNi
mp-316,MnV
mp-28731,V6C5
mp-20648,V2C
mp-542830,Mn23C6
mp-864984,MnV3
mp-954,BaB6
mp-755417,Ba3(BO3)2
mp-6499,BaLiBO3
mp-4202,BaAl2O4
mp-1029,BaF2
mp-1196869,Ba3Al2O6
mp-3427,LiAlO2
mp-1903,BaAl4
mp-8204,LiAlB14
mp-567701,Ba21Al40
mp-570400,Ba7Al10
mp-2631,Ba4Al5
mp-15960,Li5AlO4
mp-530274,Al23B50
mp-557268,KLi4AlO4
mp-1195556,K5Y2Si4O13F
mp-3637,YOF
mp-2538,Y5Si3
mp-9972,YSi
mp-11649,Ca3SiO
mp-2517,Ca2Si
mp-2800,USi3
mp-1563,CaSi
mp-1078858,U3Si
mp-4481,Ca2SiO4
mp-793,Ca5Si3
mp-1202514,K4Ca(SiO3)3
mp-567415,Nd2B5
mp-1632,NdB4
mp-1929,NdB6
mp-1195894,K9Li3Nd3(BO3)7
mp-1211700,K3Nd(BO3)2
mp-22204,Co2P
mp-1206349,K(CoP)2
mp-477,SmGa2
mp-999177,SmGa
mp-1195872,Sm3Ga2
mp-867955,Na2Nb3O6
mp-1223800,K2NbO3F
mp-777584,Na7NbO6
mp-849285,Na8NbO6
mp-762344,Na8Nb5O14
mp-504731,EuF2
mp-554546,Eu2SiO4
mp-754027,NaSmO2
mp-8957,Na5TaO5
mp-861957,KNaSmTaO5
mp-1198935,K2Na2Sm4Ta2O13
mp-10004,Mo3P
mp-219,MoP
mp-20831,Gd4Sb3
mp-510403,GdSb
mp-485,ZrNi3
mp-24286,ZrH2
mp-556,ZrNi
mp-328,Zr2Ni
mp-2717,Zr2Ni7
mp-697179,ZrH
mp-2091,V3B2
mp-9973,VB
mp-554346,KSr4(BO3)3
mp-569270,V3B4
mp-16432,Sr3(BO3)2
mp-9208,V2B3
mp-1491,VB2
mp-242,SrB6
mp-1019608,Cs3BO3
mp-556438,KNaSmNbO5
mp-1200960,K2Na2Sm4Nb2O13
mp-558212,KNaNdNbO5
mp-1201519,K2Na2Nd4Nb2O13
mp-8128,NaNdO2
mp-558128,KNd2NbO6
mp-1191288,Eu2Ta2O7
mp-1101654,NaEuO2
mp-1205574,Cs2KScF6
mp-1038,MgCu2
mp-2481,Mg2Cu
mp-1185641,Mg149V
mp-18510,Sr2SiO4
mp-981,SrF2
mp-2661,SrSi
mp-1727,SrSi2
mp-30949,Sr3SiO
mp-1106,Sr2Si
mp-746,Sr5Si3
mp-1203391,K4Sr(SiO3)3
mp-12614,Ca2Cu
mp-585949,CaCu
mp-1882,CaCu5
mp-4533,Na2SiO3
mp-7500,Na4SiO4
mp-27618,Na8Ga2O7
mp-14428,KNa4GaO4
mp-17785,KNa2GaO3
mp-568151,Ti5Ge3
mp-1217052,Ti6P2O
mp-1198692,Ti5Ge4
mp-601371,GdSi
mp-753721,GdOF
mp-642655,K2GdF5
mp-1199486,Gd5Si4
mp-21192,GdSi2
mp-680437,K3GdSi2O7
mp-540809,Zr2Fe12P7
mp-22447,Zr3P
mp-11345,ZrP
mp-20892,ZrFeP
mp-647729,Zr14P9
mp-583740,Zr7P4
mp-7822,Sc5Si3
mp-9969,ScSi
mp-557577,K3ScSi2O7
mp-770771,SrSc2O4
mp-505002,Sc5As3
mp-17695,Sc5Sn3
mp-2052,ScAs
mp-1189998,Gd2C3
mp-1224869,Gd2C
mp-24092,GdH2
mp-4805,Gd2SO2
mp-505528,Nb3P
mp-505064,Nb2P
mp-18254,Nb7P4
mp-9339,NbP
mp-21895,Na15Pb4
mp-2432,CaMg2
mp-6406,Na2MgSiO4
mp-5473,CaMgSi
mp-1367,Mg2Si
mp-1184449,CaMg149
mp-1185634,Mg149Si
mp-15171,K2MgSiO4
mp-32635,Sr3P2
mp-8298,Sr4P2O
mp-9702,Sr3BPO3
mp-7931,SrP
mp-1079146,Th3Si2
mp-21238,ThSi
mp-17850,K3NaTh2O6
mp-7497,ThSi2
mp-1241,BaAg2
mp-11840,BaAg
mp-1814,BaAg5
mp-504812,Hf3P
mp-352,HfO2
mp-20672,Hf3P2
mp-9953,HfP
mp-504659,Hf2P
mp-1211649,K4HfO4
mp-974482,K4Hf5O12
mp-1201301,K2Hf2O5
mp-3536,MgAl2O4
mp-1185596,Mg149Al
mp-1094692,Mg16Al13
mp-1094116,MgAl2
mp-9712,Ba3BPO3
mp-6812,KBaPO4
mp-1770,Mg5Ga2
mp-1185597,Mg149Ga
mp-771,MnAl
mp-408,Mg2Ge
mp-2856,Mn4Al11
mp-173,MnAl6
mp-865027,Mn3Ge
mp-729,Cr3Si
mp-8937,CrSi2
mp-1228043,AlSiNi2
mp-1118,SiNi2
mp-351,SiNi
mp-828,SiNi3
mp-27276,Si12Ni31
mp-1214901,Al12Fe7
mp-1190708,Al3Fe2Si
mp-2658,AlFe
mp-867878,AlFe2Si
mp-570001,Al6Fe
mp-1183162,AlFe3
mp-29110,Al2(FeSi)3
mp-871,FeSi
mp-1229054,Al53Fe17Si12
mp-1714,FeSi2
mp-2199,Fe3Si
mp-1229249,Al79(Fe13Si9)2
mp-680671,Mg4Zn7
mp-1185642,Mg149Zn
mp-570025,Mg21Zn25
mp-1124,MgZn2
mp-18892,KBaVO4
mp-1185655,Mg149Zr
mp-2049,ZrMo2
mp-1585,V3Co
mp-292,V3As
mp-542614,VCo3
mp-1079460,Ti3Sn
mp-9212,NaAlO2
mp-24412,K2NaAlH6
mp-13998,Na5AlO4
mp-31008,Na14Al4O13
mp-556168,Na7Al3O8
mp-1425,TiCr2
mp-11580,TiCrP
mp-1102537,NbVP
mp-1559,Mg3N2
mp-24383,Mg(H2N)2
mp-759183,K2Mg(H2N)4
mp-18632,SrNi5P3
mp-541294,SrNi9P5
mp-8365,MnB
mp-20318,Mn2B
mp-12633,Mn5B2P
mp-1106184,MnB4
mp-4156,Li2ZrO3
mp-1278,Zr2Si
mp-5418,Li6Zr2O7
mp-1207024,Zr3Si2
mp-893,ZrSi
mp-29720,Li21Si5
mp-28549,Li8SiO6
mp-1201871,Li7Si3
mp-672287,Li13Si4
mp-11737,Li4SiO4
mp-3949,K7LiSi8
mp-17208,K2Li14Zr3O14
mp-561474,K3LiSiO4
mp-559904,NaLi3SiO4
mp-578604,NaCrO2
mp-18793,LiCrO2
mp-1199908,Cs7NaSi8
mp-17718,CsKNa2Li12(SiO4)4
mp-20737,KNaEuNbO5
mp-24237,ScH2
mp-2252,ScB2
mp-642644,V2H
mp-14565,K3P6N11
mp-1185585,Mg149Cr
mp-19391,NaVO2
mp-754829,Na4VO4
mp-1029863,K15Re7N19
mp-974437,Re2C
mp-8301,Gd2CF2
mp-14726,Na4TiO4
mp-560767,KNaTiO3
mp-2108,Ti5Si3
mp-305,TiFe
mp-866141,TiFe2Si
mp-2454,TiFe2
mp-21662,TiFeSi2
mp-9172,Li4TiO4
mp-2931,Li2TiO3
mp-1077503,TiSi2
mp-8648,TiFeSi
mp-505527,Ti5Si4
mp-7092,TiSi
mp-38280,LiTiO2
mp-1100897,Y2Zr8O19
mp-27731,HfH2
mp-24658,SmH2
mp-5380,Ca4P2O
mp-1345,CaP
mp-532160,Ca14MnP11
mp-568121,Mn4Si7
mp-20211,Mn3Si
mp-1431,MnSi
mp-27569,Na14Mn2O9
mp-559242,KNaMnO2
mp-1173761,Na2CeO3
mp-3972,Ce2SO2
mp-30980,NaYO2
mp-17891,NaYSiO4
mp-744,HoP
mp-1363,Na2Au
mp-1368,Zn8Cu5
mp-30811,Ni4W
mp-1842,NbAl3
mp-18427,Nb2Al
mp-8789,Ca4As2O
mp-10047,Ca5As3
mp-1194887,Ca4As3
mp-2489,UC
mp-2625,U2C3
mp-2486,UC2
mp-5327,Na4UO5
mp-34842,Na3UO4
mp-1229015,AgPt
mp-1029347,KPtN
mp-2970,Na4GeO4
mp-558317,KNaPrNbO5
mp-8470,NaPrO2
mp-1477,BaSi2
mp-1619,Ba3Si4
mp-2499,BaSi
mp-9905,Ba2Si
mp-17612,Ba2SiO4
mp-3952,BaY2O4
mp-755363,Ba3SiO
mp-559670,KBaYSi2O7
mp-4495,KLiTe
mp-9488,SmOF
mp-1025489,SmSi
mp-1106373,Sm5Si3
mp-17697,KSmF4
mp-17434,K2SmF5
mp-13955,SmSi2
mp-1195475,K3SmSi2O7
mp-8780,Cr2N
mp-32590,U4N7
mp-1865,UN
mp-1183691,CrN
mp-1029850,K15Cr7N19
mp-1776,UN2
mp-1019893,La3Si6N11
mp-7631,SiC
mp-1019967,LaSi3N5
mp-988,Si3N4
mp-1029418,KSi2N3
mp-1029584,KSi5N7
mp-569576,La5(SiN3)3
mp-1219144,Sm2AsSe
mp-768342,SrNb2O4
mp-28940,Sr4Nb2O9
mp-14266,Cu15Si4
mp-571056,CsSn
mp-570466,Li2Ca
mp-7610,Li2CaSiO4
mp-865965,Li2CaSi
mp-13916,LiCaSi2
mp-20150,LiCa2Si3
mp-1591,Al4C3
mp-2157,Co3W
mp-10192,LuP
mp-1222825,Lu4Zr3O12
mp-335,BaGa4
mp-303,BaZn5
mp-1219,BaGa2
mp-30429,Ba8Ga7
mp-1018178,Ba2Zn
mp-902,BaZn
mp-672225,BaZn13
mp-567705,TiAl2
mp-542915,TiAl3
mp-1953,TiAl
mp-1823,Ti3Al
mp-680381,K2Na2Gd4Nb2O13
mp-5088,NaGdO2
mp-573471,Li17Sn4
mp-30769,Li13Sn5
mp-30767,Li7Sn2
mp-3151,Li3TaO4
mp-755013,Li5TaO5
mp-9059,KLi6TaO6
mp-27757,Be4B
mp-1845,CaBe13
mp-7704,Ca(AlSi)2
mp-567191,CaAlSi
mp-721592,Ca6Al7O16
mp-2363,HfMo2
mp-11449,HfMn2
mp-1212189,HfMnP
mp-1212001,K3Si6H6N11
mp-1185594,Mg149In
mp-1409,TiNi3
mp-1067248,TiNi
mp-1808,Ti2Ni
mp-8299,Sr4As2O
mp-23714,SrH2
mp-24338,Sr5As3H
mp-864889,ZrZn3
mp-1401,ZrZn2
mp-570276,ZrZn
mp-505569,CeH2
mp-1104579,Ce2H5
mp-867264,Re3Os
mp-1219509,ReOs
mp-867141,ReOs3
mp-4883,Ba(FeP)2
mp-1102980,NbFeP
mp-1077790,NbFe2
mp-1221162,Nb19Fe20
mp-1206854,TiMnP
mp-1949,TiMn2
mp-1202079,Ti21Mn25
mp-1195743,V18P9C2
mp-29634,V4P2C
mp-20937,Cr3C2
mp-1196316,Cr7C3
mp-723,Cr23C6
mp-23954,Na2H2Pd
mp-707337,K3H3Pd
mp-643257,K2H4Pd
mp-31167,Er5Si3
mp-24192,ErH2
mp-378,ErSi
mp-16597,K3ErSi2O7
mp-1102496,EuH2
mp-749,SmN
mp-206,Tb5Si3
mp-24724,TbH2
mp-1924,TbSi
mp-16594,K3TbSi2O7
mp-1176614,LiMnP
mp-1219429,Sc2CO
mp-15661,Sc4C3
mp-15957,Sc15C19
mp-28733,Sc3C4
mp-29941,Sc2C
mp-990440,Na2ZrO3
mp-861607,KNaNdTaO5
mp-31417,Nd3TaO7
mp-755586,NaLaO2
mp-861868,KNaLaTaO5
mp-31415,La3TaO7
mp-861944,KNaPrTaO5
mp-14964,Pr3TaO7
mp-1208630,SrC6
mp-7100,LaOF
mp-1223447,KLaF4
mp-866662,K5La4Si4O16F
mp-5152,La2SiO5
mp-677445,Y4SiS3
mp-9971,YGe
mp-17751,Y5Ge3
mp-13360,Y5Ge4
mp-867889,KNaGdTaO5