entry_id,pretty_formula
mp-1534,YS
mp-1186055,Na
mp-112,Y
mp-10226,NaYS2
mp-648,Na2S
mp-1029605,Na2MnN2
mp-22003,NaN3
mp-9981,Mn2N
mp-505622,Mn4N
mp-35,Mn
mp-10419,Na4ReN3
mp-1186901,Re
mp-541291,Na3MoN3
mp-129,Mo
mp-1079585,Nb2N
mp-75,Nb
mp-2634,NbN
mp-1030657,NaNbN2
mp-983509,Na3Cd
mp-655,Na3As
mp-2532,PrTe
mp-1059256,Pr
mp-2784,Na2Te
mp-30794,Na15Sn4
mp-1363,Na2Au
mp-1186122,NaCd2Rh
mp-74,Rh
mp-2271,NaPt2
mp-682,NaF
mp-7956,Na3Sb
mp-1266,Na2Se
mp-11698,Tb
mp-22916,NaBr
mp-143,Tm
mp-145,Lu
mp-144,Ho
mp-99,Er
mp-905,LaF3
mp-26,La
mp-1220826,NaLaF4
mp-718,SnPd3
mp-1186074,Na3Pd
mp-1220866,NaSn2Pd3
mp-613989,Pu
mp-27838,Na3Bi
mp-542573,ThB4
mp-37,Th
mp-1756,ThB6
mp-1221215,Na3ThB24
mp-262,Na3B20
mp-50,Ta
mp-146,V
mp-1206794,LiAu
mp-11247,Li3Au
mp-567395,Li15Au4
mp-135,Li
mp-2402,NaSi
mp-29657,NaGe
mp-14407,Rb7NaGe8
mp-1186899,Rb
mp-44,U
mp-13,Fe
mp-21895,Na15Pb4
mp-21199,Na3(GePt)4
mp-542680,Na3In2Au
mp-31430,Na2In
mp-10740,Pa
mp-22862,NaCl
mp-2286,Li2Se
mp-28603,NaLiSe
mp-28614,NaBPt3
mp-505055,Na3B5Pt9
mp-541787,Na8Hg3
mp-30795,Na2Tl
mp-90,Cr
mp-950,NaZn13
mp-20622,SiPd3
mp-697068,SiPd2
mp-4276,NaSi2Pd3
mp-505071,Si2Pd9
mp-2074,Li3Sb
mp-5077,NaLi2Sb
mp-5339,CsNaTe
mp-1184151,Cs
mp-582067,Hf3As
mp-103,Hf
mp-1190267,Hf3As2
mp-542681,Na3In2Ag
mp-30352,NaAg2
mp-571095,Na7Ga13
mp-1240,HoS
mp-5694,NaHoS2
mp-567833,EuSn
mp-1213070,Eu2Sn
mp-1057315,Eu
mp-155,Gd
mp-23268,NaI
mp-8584,NaErSe2
mp-862942,NaPmAu2
mp-867200,Pm
mp-865090,NaAcTl2
mp-1183069,Ac
mp-1540,HoTl
mp-1181055,Ho5Tl3
mp-865097,NaHgPd2
mp-1103395,La2Au
mp-1002136,LaAu
mp-865098,NaLaAu2
mp-734,LaHg
mp-865099,NaLaHg2
mp-23222,Li3Bi
mp-865101,NaLi2Bi
mp-865108,NaSmHg2
mp-69,Sm
mp-2541,SmTl
mp-319,Sm2Tl
mp-11374,DyTl
mp-1181553,Dy5Tl3
mp-1184067,Dy
mp-11467,NdHg
mp-123,Nd
mp-1054,ErTl
mp-1105965,Er5Tl3
mp-999306,PrAu
mp-2714,Pr2Au
mp-2364,PaO2
mp-865120,NaPaO3
mp-2352,Na2O
mp-1533,Nd3Tl
mp-2816,Nd2Tl
mp-571405,NdTl
mp-865122,NaNdTl2
mp-2434,SrTl
mp-865128,NaSr2Tl
mp-76,Sr
mp-1185637,Mg149Sn
mp-865625,Na2MgSn
mp-1186271,NaMg149
mp-8658,CsNaSe
mp-1598,Na3P
mp-91,W
mp-656,LuS
mp-9035,NaLuS2
mp-1766,TmS
mp-9076,NaTmS2
mp-87,Be
mp-134,Al
mp-976072,NaAc2Pb
mp-861939,Ac3Sn
mp-976076,NaAc2Sn
mp-342,SmTe
mp-1476,ScS
mp-67,Sc
mp-999460,NaScS2
mp-814,DySe
mp-999488,NaDySe2
mp-510404,GdSe
mp-2470,DyS
mp-999490,NaDyS2
mp-30667,Sr8Ga7
mp-32635,Sr3P2
mp-182,SrGa2
mp-13275,NaSrP
mp-1827,SrGa4
mp-9775,NaSrAs
mp-15698,Sr5As3
mp-1188283,V8N
mp-1018027,VN
mp-1029711,NaVN2
mp-1623,ErS
mp-12671,Er2SO2
mp-679,Er2O3
mp-5586,NaErO2
mp-3613,NaErS2
mp-113,Tc
mp-573697,CsCl
mp-28,Ce
mp-201,Yb5Sb3
mp-1857,YbCd
mp-162,Yb
mp-1187653,YbCd3
mp-1217591,YbCd6
mp-614603,CsI
mp-571222,CsBr
mp-1188441,TiCu4
mp-30,Cu
mp-742,Ti2Cu
mp-2078,TiCu
mp-72,Ti
mp-2643,Ti3Cu4
mp-1106300,Nd3Ru
mp-1045,Nd2O3
mp-1103979,Nd5Ru2
mp-1102217,NdRu2
mp-33,Ru
mp-8128,NaNdO2
mp-13520,Na2ZnGe
mp-1753,ThAs
mp-643,ThO2
mp-1709,U2Ti
mp-1225049,K18Na46Tl31
mp-1202778,K3Cd16
mp-1184905,K
mp-2011,UP
mp-1597,UO2
mp-5327,Na4UO5
mp-1173671,Na3PO4
mp-34842,Na3UO4
mp-637224,Pu2O3
mp-24720,PuH2
mp-23870,NaH
mp-1959,PuO2
mp-744,HoP
mp-812,Ho2O3
mp-755617,NaHoO2
mp-19920,Ce3Ga
mp-1096,CeS
mp-862696,CeGa3
mp-2209,CeGa2
mp-1018276,CeGa
mp-559,YPd3
mp-1104019,Y3Pd4
mp-2652,Y2O3
mp-1066136,YPd
mp-1207777,Y3Pd
mp-30980,NaYO2
mp-1078920,LaCu
mp-1560,LaTe
mp-2051,LaCu2
mp-1194443,LaCu13
mp-30590,LaCu6
mp-2613,LaCu5
mp-981,SrF2
mp-1025059,LaAg2
mp-1948,LaAg
mp-30579,ErCu5
mp-1024991,ErCu2
mp-674459,NaErF4
mp-1955,ErCu
mp-2825,ErPd3
mp-1104774,Er3Pd4
mp-851,ErPd
mp-12545,Er3Pd2
mp-1198712,Y5Ir3
mp-30746,YIr
mp-2762,YIr2
mp-1207785,Y3Ir
mp-101,Ir
mp-1472,ZrB2
mp-131,Zr
mp-10688,CeO
mp-20181,Ce2C3
mp-542313,Ce2O3
mp-568286,C
mp-2629,Ce7O12
mp-1173761,Na2CeO3
mp-408,Mg2Ge
mp-1265,MgO
mp-2970,Na4GeO4
mp-1770,Mg5Ga2
mp-1185597,Mg149Ga
mp-2292,La2O3
mp-7283,LaB4
mp-2680,LaB6
mp-30975,Na3BO3
mp-755586,NaLaO2
mp-1210472,Na3La(BO3)2
mp-1183837,Co3Ni
mp-23,Ni
mp-54,Co
mp-1144,ErP
mp-19391,NaVO2
mp-754829,Na4VO4
mp-1029,BaF2
mp-1247744,BaNa
mp-28602,Na3ClO
mp-2472,SrO
mp-849285,Na8NbO6
mp-28940,Sr4Nb2O9
mp-762344,Na8Nb5O14
mp-867955,Na2Nb3O6
mp-768342,SrNb2O4
mp-1212654,La15Ge9O
mp-1188469,La5Ge3
mp-1084830,LaGe
mp-1211687,La5Ge3O
mp-1211472,La4Ge7
mp-1211671,La3Ge5
mp-975904,Li3Cd
mp-1153,Li2S
mp-1437,LiCd
mp-865612,LiCd3
mp-8452,NaLiS
mp-2661,SrSi
mp-1727,SrSi2
mp-1106,Sr2Si
mp-746,Sr5Si3
mp-1199934,Ti3As
mp-1201836,Ti5As3
mp-20300,EuP
mp-20712,EuGe
mp-1095642,Eu2Ge
mp-1189484,Eu3Ge5
mp-1188934,Eu5Ge3
mp-2823,NdP
mp-872,BaSn
mp-685008,Ba20As13
mp-1981,Ba2Sn
mp-463,KF
mp-13816,Cs2NaErF6
mp-2542,BeO
mp-28559,Na6Be8O11
mp-28588,Na2BeO2
mp-14324,K2Na4Be2O5
mp-570436,CaIr2
mp-2605,CaO
mp-570356,Ca5Ir
mp-1064227,Ca
mp-570276,ZrZn
mp-1401,ZrZn2
mp-864889,ZrZn3
mp-30842,ZrPd3
mp-266,Zr2Pd
mp-13495,ZrPd
mp-27757,Be4B
mp-2806,YbSn
mp-570050,Yb2Sn
mp-1106032,Ho5Ge3
mp-16342,HoGe
mp-1196008,Ho5Ge4
mp-18480,Na3Ca2TaO6
mp-8957,Na5TaO5
mp-3858,NaTaO3
mp-1188310,Tm5Ge3
mp-1767,Tm2O3
mp-998911,TmGe
mp-1196455,Tm5Ge4
mp-754825,NaTmO2
mp-1427,Lu2O3
mp-755311,NaLuO2
mp-1718,ZrFe2
mp-31205,Zr3Fe
mp-22937,Na4I2O
mp-24747,Na3H6Rh
mp-1273,CsGe
mp-29566,CsNaGe2
mp-1105741,Pr3Ru
mp-16705,Pr2O3
mp-2665,PrRu2
mp-1197932,Pr7Ru3
mp-1104937,Pr5Ru2
mp-8470,NaPrO2
mp-1079438,Ta2N
mp-1279,TaN
mp-5475,NaTaN2
mp-1025351,Sr4Bi2O
mp-29620,Sr5Bi3
mp-1506,Sm5Ge4
mp-218,Sm2O3
mp-972521,SmGe
mp-569320,Sm3Ge5
mp-754027,NaSmO2
mp-578604,NaCrO2
mp-1342,BaO
mp-31235,BaNaBi
mp-1228030,Ba4Bi2O
mp-29621,Ba5Bi3
mp-1019519,Ba2NaO
mp-193,Zr2Cu
mp-1193856,Zr21S8
mp-1188077,Zr7Cu10
mp-1216441,Zr14Cu51
mp-7822,Sc5Si3
mp-216,Sc2O3
mp-9969,ScSi
mp-7914,NaScO2
mp-4533,Na2SiO3
mp-7500,Na4SiO4
mp-784631,CrNi2
mp-2591,Ti3O
mp-1215,Ti2O
mp-14726,Na4TiO4
mp-28017,Na8Ti5O14
mp-554098,Ti6O
mp-1071163,TiO
mp-1777,Li15Ge4
mp-1960,Li2O
mp-27932,Li9Ge4
mp-1894,WC
mp-567290,LaN
mp-343,PrN
mp-16839,Na3WN3
mp-743,RbN3
mp-510557,CsN3
mp-931,ThP
mp-21394,EuO
mp-697096,Na2H4Pt
mp-2251,Li3N
mp-1001,BaN2
mp-569025,Ba19Na29Li13
mp-645662,Ba14Na14LiN6
mp-1892,Ba2N
mp-8868,Ba3NaN
mp-567643,Ba12Na15Li8N6
mp-24084,KH
mp-862943,NaPmHg2
mp-867199,Pm3Tl
mp-862949,NaPmTl2
mp-864803,NaAcAu2
mp-864806,NaAcHg2
mp-2861,CaTl
mp-865051,NaCa2Tl
mp-865076,NaCd2Pt
mp-371,La3Tl
mp-11488,LaTl
mp-865102,NaLaTl2
mp-1185570,Mg149Pb
mp-999193,SmAu
mp-570469,Pr5Tl3
mp-12599,PrTl
mp-865112,NaPrTl2
mp-11469,PrHg
mp-1079938,TlPd3
mp-865126,NaTlPd2
mp-1084808,YbAu
mp-570119,Yb7Au3
mp-570527,Yb5Au4
mp-568944,Yb5Au3
mp-867318,Eu3Tl
mp-866047,NaEuTl2
mp-515,TmTl
mp-1190038,Tm5Tl3
mp-867943,Na3H7Os
mp-49,Os
mp-19879,PPd3
mp-1618,PPd6
mp-568052,K2Ga3
mp-23295,RbCl
mp-1610,TbS
mp-999126,NaTbS2
mp-1561,TbSe
mp-999127,NaTbSe2
mp-464,HoSe
mp-999474,NaHoSe2
mp-984,BN
mp-1019888,KNa2BN2
mp-827,KN3
mp-28630,Na3BN2
mp-755293,Sr4Sb2O
mp-2585,Sr5Sb3
mp-242,SrB6
mp-10811,NaSr4(BN2)3
mp-10564,SrN2
mp-29973,SrN
mp-1245,Sr2N
mp-1820,YbS
mp-2390,YbP
mp-1187909,Yb3P
mp-551835,Ba2I2O
mp-29909,Ba4I6O
mp-23260,BaI2
mp-23193,KCl
mp-1213256,CsEuCl3
mp-1180133,NaCaH6Ir
mp-23713,CaH2
mp-707836,Na3H6Ir
mp-1182061,BaNaH6Ir
mp-23715,BaH2
mp-643047,Ba3(H6Ir)2
mp-946,PrIr2
mp-1205021,Pr5Ir3
mp-1104160,Pr5Ir2
mp-1106395,Pr3Ir
mp-1463,LaIr2
mp-1104303,La3Ir2
mp-1199235,La5Ir3
mp-1104396,La5Ir2
mp-1188506,La3Ir
mp-865782,Yb3SiO
mp-1216,YbO
mp-10651,YbSi
mp-1077404,YbSi2
mp-1207599,Yb2Si
mp-1782,ScSe
mp-569744,UAl2
mp-504886,Gd2O3
mp-1189998,Gd2C3
mp-1224869,Gd2C
mp-5088,NaGdO2
mp-1185635,Mg149Tl
mp-19839,LaGa2
mp-2350,LaS
mp-672217,La5Ga3
mp-1002133,LaGa
mp-710,SmP
mp-978278,Na(BH)6
mp-38725,NaBH4
mp-27618,Na8Ga2O7
mp-7656,Na5GaO4
mp-985586,Na3BrO
mp-227,SmCu5
mp-1077154,SmCu2
mp-1220915,NaSmF4
mp-980769,SmCu
mp-2747,TbPd3
mp-1104088,Tb3Pd4
mp-1056,Tb2O3
mp-999124,TbPd
mp-6964,NaTbO2
mp-982,TmPd3
mp-1104675,Tm3Pd4
mp-348,TmPd
mp-1979,HoPd3
mp-1104206,Ho3Pd4
mp-1087502,HoPd
mp-12544,Ho3Pd2
mp-1138,LiF
mp-1209986,NaLiEr2F8
mp-675798,NaHoF4
mp-1210003,NaLiHo2F8
mp-636253,GdCu5
mp-1077933,GdCu2
mp-1221034,NaGdF4
mp-614455,GdCu
mp-683,Pr2C3
mp-11908,Lu5Si3
mp-1001612,LuSi
mp-569335,Sm2C3
mp-1219177,Sm2C
mp-7806,Cr3P
mp-1087547,EuCu
mp-504731,EuF2
mp-1071732,EuCu2
mp-2066,EuCu5
mp-567415,Nd2B5
mp-1632,NdB4
mp-558805,Na3Nd(BO3)2
mp-1929,NdB6
mp-20874,EuB6
mp-505346,Eu3(BO3)2
mp-600561,LiRh
mp-1001787,LiRh3
mp-601,PrP
mp-2384,LaP
mp-645,TbP
mp-11534,Np
mp-2014,DyP
mp-2345,Dy2O3
mp-752672,NaDyO2
mp-865027,Mn3Ge
mp-27569,Na14Mn2O9
mp-784,KZn13
mp-1211956,K2Na4ZnSn2
mp-583034,Ba2U2O7
mp-759291,Ba17U11O42
mp-976128,Hf5Sc
mp-352,HfO2
mp-865500,Na2Hf2O5
mp-1220764,NaHfScO4
mp-567846,Ta3P
mp-1067587,TaP
mp-22477,Ta2P
mp-505528,Nb3P
mp-505064,Nb2P
mp-9339,NbP
mp-18254,Nb7P4
mp-504425,Nb3As
mp-1106373,Sm5Si3
mp-1447,SmSe
mp-1025489,SmSi
mp-13955,SmSi2
mp-616559,Ti2S
mp-978,Sr2Sn
mp-1698,SrSn
mp-1349,SrPt2
mp-30843,Sr7Pt3
mp-1104074,Sr3Pt2
mp-645945,Na12SnGe8
mp-1190061,Eu5Si3
mp-21009,EuSe
mp-21279,EuSi
mp-1072248,EuSi2
mp-542583,EuTe
mp-10047,Ca5As3
mp-1563,CaSi
mp-961685,NaCaAs
mp-2517,Ca2Si
mp-793,Ca5Si3
mp-2700,CaSi2
mp-1345,CaP
mp-1214132,Ca4SiP4
mp-1221207,Na4Ca2SiP4
mp-20995,Eu4As3
mp-1106024,Eu5As3
mp-1221229,Na4Eu2SiP4
mp-11393,Nb3Ga2
mp-1072,Nb5Ga13
mp-20587,EuS
mp-640095,La3Co
mp-1205615,La2Co2I
mp-30559,LaCo13
mp-569054,La2Co3
mp-1500,BaS
mp-1102043,LaOs2
mp-13042,NaSr3TaO6
mp-1221219,Na3SrTa4O12
mp-555932,RbEr3F10
mp-13815,Rb2NaErF6
mp-34081,NaYF4
mp-13926,Rb2NaYF6
mp-4185,Na3ScF6
mp-15318,Rb2NaHoF6
mp-2404,CaAl2
mp-1190736,Ca8Al3
mp-15572,Na3Ca3AlAs4
mp-1211990,K7NaGe8
mp-2610,Tb5Ge3
mp-1405,TbGe
mp-1673,Tb5Ge4
mp-17751,Y5Ge3
mp-9971,YGe
mp-13360,Y5Ge4
mp-8426,K2Se
mp-28595,KNaSe
mp-1198083,Gd5Ge4
mp-19918,GdGe
mp-1189967,Pr3Os
mp-567339,PrOs2
mp-20685,Cr3Ge
mp-2154,CeP
mp-1473,Fe7W6
mp-569630,NdOs2
mp-1188656,Nd3Os
mp-20711,Fe3Ge
mp-19876,InNi
mp-30228,Li4HN
mp-23703,LiH
mp-23702,LiH2N
mp-505381,NaLi3(H2N)4
mp-23850,NaH2N
mp-699284,Li2HN
mp-1201065,Li15H9N8
mp-1224756,Hf14Cu51
mp-30581,Hf2Cu
mp-1200988,Hf7Cu10
mp-7353,Hf3Cu8
mp-15724,KNa2Sb
mp-29210,Li2Ga
mp-9568,Li3Ga2
mp-1205930,Li5Ga4
mp-540945,Na2Li3GaO4
mp-1307,LiGa
mp-1217,KSi
mp-1213975,CaB4
mp-865,CaB6
mp-3575,Ca3(BO3)2
mp-21237,CoGe
mp-2052,ScAs
mp-505002,Sc5As3
mp-1215377,Zr4O
mp-1200894,Zr3As
mp-561418,Zr3O
mp-990440,Na2ZrO3
mp-1191610,Zr7As4
mp-972228,Zr3As2
mp-1203256,Zr14As9
mp-556,ZrNi
mp-485,ZrNi3
mp-2717,Zr2Ni7
mp-328,Zr2Ni
mp-619,UB4
mp-1514,UB2
mp-22319,UB12
mp-1221,V3Ge
mp-11397,Ga3Ni2
mp-815,GaNi3
mp-11398,Ga3Ni5
mp-21589,Ga9Ni13
mp-752658,Y2SeO2
mp-999448,NaYSe2
mp-2637,YSe
mp-13972,Sm2SeO2
mp-2367,LaC2
mp-1184,La2C3
mp-542915,TiAl3
mp-9212,NaAlO2
mp-567705,TiAl2
mp-1953,TiAl
mp-1823,Ti3Al
mp-556168,Na7Al3O8
mp-31008,Na14Al4O13
mp-13998,Na5AlO4
mp-30492,Na2CdSn
mp-1269,SmS
mp-999455,NaSmS2
mp-1418,FeNi3
mp-2213,FeNi
mp-11239,ZrAg
mp-2221,Zr2Ag
mp-2748,CeAs
mp-10192,LuP
mp-28395,B6P
mp-863707,KNa2Bi
mp-2593,AlNi3
mp-16514,Al3Ni5
mp-1487,AlNi
mp-622209,Al3Ni
mp-1057,Al3Ni2
mp-16515,Al4Ni3
mp-1000,BaTe
mp-642,BaCu13
mp-30428,BaCu
mp-1161,LaSe
mp-1205536,La2Os2I
mp-569991,Na15SnGe8P
mp-2524,NdGa2
mp-1453,NdSe
mp-1448,NdGa
mp-1203103,Nd3Ga2
mp-1209933,Nd9Ga4
mp-1842,NbAl3
mp-18427,Nb2Al
mp-639805,Ta3Ge
mp-17593,Ta5Ge3
mp-2616,NpO2
mp-754019,Na4NpO5
mp-1202486,La7Ru3
mp-1104417,La5Ru2
mp-1672,CaS
mp-1158,LuPd3
mp-1103963,Lu3Pd4
mp-2205,LuPd
mp-541989,Na2CN2
mp-318,SrIr2
mp-568404,Li9Al4
mp-1067,LiAl
mp-16506,Li3Al2
mp-1210753,Li2Al
mp-1105989,Lu5Ge3
mp-1199467,Lu5Ge4
mp-1104514,Lu3Ge4
mp-1196590,Lu11Ge10
mp-2058,Ni3B
mp-2536,Ni2B
mp-640067,Ni4B3
mp-17190,Sc5Ge3
mp-9970,ScGe
mp-1198803,Sc5Ge4
mp-757,Li3As
mp-9068,K2NaAlP2
mp-5122,Na3AlP2
mp-9069,K2NaAlAs2
mp-954,BaB6
mp-30905,Ba3(BN2)2
mp-9705,Ba4Na(BN2)3
mp-736,Li3P
mp-9719,Na2LiAlP2
mp-2538,Y5Si3
mp-9972,YSi
mp-9905,Ba2Si
mp-2499,BaSi
mp-752573,Ba(NaSi2)2
mp-1477,BaSi2
mp-1619,Ba3Si4
mp-17612,Ba2SiO4
mp-17891,NaYSiO4
mp-3952,BaY2O4
mp-560889,Ba6Na2Si4O15
mp-1001835,LiB
mp-1222413,LiB3
mp-6660,BaNaBO3
mp-27275,Li3BO3
mp-6499,BaLiBO3
mp-560189,NaLi2BO3
mp-755417,Ba3(BO3)2
mp-558455,Na4Li5(BO3)3
mp-6575,Ba4Na(BO3)3
mp-16432,Sr3(BO3)2
mp-556695,NaSrBO3
mp-3919,KBO2
mp-8263,KNa2BO3
mp-8298,Sr4P2O
mp-2572,SrMg2
mp-2514,Mg3P2
mp-30782,Sr6Mg23
mp-643001,Na4H6Ru
mp-1367,Mg2Si
mp-23251,KBr
mp-1220999,NaNdF4
mp-1220948,NaPrF4
mp-1112992,Cs2NaCeF6
mp-1114456,Rb2NaScF6
mp-22903,RbI
mp-22867,RbBr
mp-18708,Fe3P
mp-2675,MgNi2
mp-2137,Mg2Ni
mp-2252,ScB2
mp-3564,BaSc2O4
mp-755950,Ba2Sc2O5
mp-1227708,Ca16Sb11
mp-17564,Ca5Sb3
mp-9925,Ca2Sb
mp-890,NdIr2
mp-30522,Nd5Ir3
mp-1104605,Nd5Ir2
mp-1189686,Nd3Ir
mp-9488,SmOF
mp-1192338,Na5Sm4Si4O16F
mp-769173,PrOF
mp-9968,PrSi
mp-1079937,Pr3Si2
mp-27760,PrSi2
mp-1192370,Na5Pr4Si4O16F
mp-569851,Ho10Si17
mp-12900,HoSi
mp-1072114,HoOF
mp-13236,Ho5Si3
mp-14093,TbOF
mp-1924,TbSi
mp-11347,TbF3
mp-206,Tb5Si3
mp-1077398,TbSi2
mp-5634,NdOF
mp-9967,NdSi
mp-884,NdSi2
mp-567735,Nd5Si3
mp-1192521,Na5Nd4Si4O16F
mp-13774,NaNdSiO4
mp-355,Nd5Si4
mp-1072208,DyOF
mp-1182,DySi
mp-2836,Dy5Si3
mp-1212889,DyF3
mp-569825,Dy10Si17
mp-1464,Nd5Ge3
mp-172,Nd5Ge4
mp-663,NdGe
mp-2015,Nd3Ge5
mp-1207669,TmOF
mp-1066975,TmSi
mp-1189863,Tm5Si3
mp-560114,Er3O2F5
mp-31167,Er5Si3
mp-378,ErSi
mp-1072193,ErOF
mp-582799,EuAl4
mp-20111,EuAl2
mp-1205409,Eu3(AlP2)2
mp-1193394,NaEu2AlP3
mp-755756,Y2TeO2
mp-1542,YB2
mp-637,YB4
mp-556039,Na3Y(BO3)2
mp-316,MnV
mp-864984,MnV3
mp-1199486,Gd5Si4
mp-601371,GdSi
mp-21192,GdSi2
mp-17143,BaGd2O4
mp-15178,Lu4C7
mp-1210775,LuOF
mp-1222310,Lu2C
mp-1203767,Lu3C4
mp-17673,Lu3O2F5
mp-1210818,LuF3
mp-1178173,Ho2TeO2
mp-2267,HoB2
mp-569281,HoB4
mp-11219,LuB2
mp-571495,LuB4
mp-1585,V3Co
mp-542614,VCo3
mp-1774,ErB2
mp-2847,ErB4
mp-24288,LuH2
mp-1223800,K2NbO3F
mp-861957,KNaSmTaO5
mp-3614,KTaO3
mp-1198935,K2Na2Sm4Ta2O13
mp-28930,KC8
mp-556438,KNaSmNbO5
mp-1200960,K2Na2Sm4Nb2O13
mp-558212,KNaNdNbO5
mp-1201519,K2Na2Nd4Nb2O13
mp-1738,SmAs
mp-1776,UN2
mp-32590,U4N7
mp-1865,UN
mp-708,LaAs
mp-1191288,Eu2Ta2O7
mp-1186974,Sc3Tl
mp-1191079,Ti7P4
mp-739,TiP
mp-30218,Ti2P
mp-31214,Ti3P
mp-1217052,Ti6P2O
mp-556185,RbNaTiO3
mp-2391,YbPd3
mp-1104397,Yb5Pd2
mp-2547,YbPd
mp-1105057,Yb3Pd4
mp-1190258,Yb3Pd
mp-1937,YbCu
mp-865934,YbF2
mp-1607,YbCu5
mp-567538,YbCu2
mp-561430,LiLuF4
mp-1209991,NaLiLu2F8
mp-1210006,NaLiTm2F8
mp-1787,NdMg3
mp-1327,NdMg
mp-1104652,Nd5Co2
mp-2157,Co3W
mp-356,Nd2Co17
mp-1084826,Nd2Co3
mp-797,DyPd3
mp-1104399,Dy3Pd4
mp-12543,Dy3Pd2
mp-2226,DyPd
mp-1849,Mn2P
mp-1495,ErIr2
mp-2713,ErIr
mp-1201760,Er5Ir3
mp-1189478,Er3Ir
mp-570421,Sm2B5
mp-8546,SmB4
mp-1210364,Na2Sm2B2O7
mp-6996,SmB6
mp-864941,MgSc2
mp-1174,MgSc
mp-1185790,Mg3Sc
mp-1185631,Mg149Sc
mp-14428,KNa4GaO4
mp-335,BaGa4
mp-30429,Ba8Ga7
mp-1219,BaGa2
mp-9774,Ba4Sb2O
mp-9909,Ba5Sb3
mp-567276,TaV2
mp-8961,Ba3NaTaO6
mp-1192906,Ba4Ta2O9
mp-504554,Ba5Ta4O15
mp-12659,Mn2Nb
mp-542201,Ba3Nb2O8
mp-757571,Ba13Nb14O42
mp-20921,Ba3MnNb2O9
mp-31116,LaScO3
mp-1934,LiZn
mp-975799,LiZn3
mp-11507,Ni4Mo
mp-11506,Ni3Mo
mp-1221737,MnFe3P2
mp-3236,Pr2SO2
mp-2495,PrS
mp-1102980,NbFeP
mp-1077790,NbFe2
mp-1221162,Nb19Fe20
mp-8937,CrSi2
mp-729,Cr3Si
mp-551873,Ca4Bi2O
mp-569535,Ca2Bi
mp-27145,Ca5Bi3
mp-2599,NdN
mp-557753,K3PO4
mp-504812,Hf3P
mp-20672,Hf3P2
mp-9953,HfP
mp-504659,Hf2P
mp-1211649,K4HfO4
mp-974482,K4Hf5O12
mp-1201301,K2Hf2O5
mp-2296,Ni3P
mp-1187851,YHo3
mp-1228103,Ba6Na2Nb2V2O17
mp-862620,IrRu3
mp-974358,Ir3Ru
mp-30666,Sc3Ga2
mp-6204,Cs2NaScF6
mp-11411,ScGa
mp-1200767,Sc3Ga5
mp-932,ScGa3
mp-13925,Cs2NaYF6
mp-14208,LiYSi
mp-28549,Li8SiO6
mp-11737,Li4SiO4
mp-7020,LiYO2
mp-1201871,Li7Si3
mp-559904,NaLi3SiO4
mp-29720,Li21Si5
mp-28612,Na(LiSi2)3
mp-672287,Li13Si4
mp-1314,Li12Si7
mp-1014229,Ti2Zn
mp-568151,Ti5Ge3
mp-1014230,TiZn
mp-30882,TiZn2
mp-1198692,Ti5Ge4
mp-21289,TiZn3
mp-2139,BaGe2
mp-1188954,Ba3Ge5
mp-13922,Ba2Ge
mp-1730,BaGe
mp-9858,Ba3Ge4
mp-17833,Ba3GeO
mp-2892,BaNd2O4
mp-28383,KNaS
mp-8430,KLiS
mp-1748,NdS
mp-9939,Hf2Ge
mp-737,Hf5Ge4
mp-976273,Hf3Ge2
mp-5418,Li6Zr2O7
mp-893,ZrSi
mp-1278,Zr2Si
mp-1515,ZrSi2
mp-4156,Li2ZrO3
mp-1207024,Zr3Si2
mp-16836,RbNa2Si17
mp-1202504,Rb7NaSi8
mp-11854,Er5Ge3
mp-2264,ErGe
mp-1195860,Er5Ge4
mp-2379,CoSi2
mp-7577,CoSi
mp-19905,Co2Si
mp-542830,Mn23C6
mp-1395,VRu
mp-865382,V3Ru
mp-971788,VRu3
mp-20737,KNaEuNbO5
mp-30569,Zr6Co23
mp-929,ZrCo2
mp-30619,Zr3Co
mp-628,Zr2Co
mp-2283,ZrCo
mp-7400,NaAlGe
mp-27335,NaAlSi
mp-1219429,Sc2CO
mp-24237,ScH2
mp-29941,Sc2C
mp-15661,Sc4C3
mp-28733,Sc3C4
mp-15957,Sc15C19
mp-20831,Gd4Sb3
mp-510403,GdSb
mp-556015,Dy9(SbO)5
mp-1927,Dy4Sb3
mp-1007,DySb
mp-980757,Sm5Sb3
mp-770806,Sm2TiO5
mp-561233,Sm9(SbO)5
mp-2281,SmSb
mp-560767,KNaTiO3
mp-2741,CaF2
mp-22447,Zr3P
mp-647729,Zr14P9
mp-11345,ZrP
mp-583740,Zr7P4
mp-1185594,Mg149In
mp-865045,MnRu3
mp-11719,K4ZnP2
mp-568121,Mn4Si7
mp-20211,Mn3Si
mp-1431,MnSi
mp-3972,Ce2SO2
mp-8300,Ba4As2O
mp-22898,KI
mp-18350,V3P
mp-684675,V12P7
mp-2775,SrAl4
mp-6931,Sr(AlSi)2
mp-3698,SrAlSi
mp-3393,Sr3Al2O6
mp-3094,SrAl2O4
mp-18510,Sr2SiO4
mp-11224,Sr8Al7
mp-30949,Sr3SiO
mp-7068,Sr3(AlSi)2
mp-22318,SrAl2
mp-1109,Sr5Al9
mp-32606,Ba3P2
mp-9732,BaNaP
mp-556637,Ba6Na2Nb2P2O17
mp-1103990,EuC6
mp-2489,UC
mp-2625,U2C3
mp-2486,UC2
mp-4126,KUO3
mp-4511,La2SO2
mp-28255,LaHO
mp-24153,LaH2
mp-1104116,La2H5
mp-1103808,La4H9
mp-1104,LaMg
mp-1094174,LaMg3
mp-558317,KNaPrNbO5
mp-8260,NaGdS2
mp-24092,GdH2
mp-4805,Gd2SO2
mp-510402,GdS
mp-10004,Mo3P
mp-4495,KLiTe
mp-1747,K2Te
mp-2530,Li2Te
mp-8754,NaLiTe
mp-8755,KNaTe
mp-7233,La2SeO2
mp-2800,USi3
mp-1078858,U3Si
mp-3211,Nd2SO2
mp-1190994,NdHO
mp-24096,NdH2
mp-10721,Ti2C
mp-1215204,ZrTi2O
mp-631,TiC
mp-2795,ZrC
mp-684623,Zr10C9
mp-27919,Ti8C5
mp-4764,Pr2SeO2
mp-1674,PrSe
mp-5380,Ca4P2O
mp-1203324,Zr3Ge
mp-17706,Zr5Ge3
mp-1200749,Zr5Ge4
mp-1025513,ZrGe
mp-27731,HfH2
mp-2563,CeSe
mp-2686,Ca2N
mp-1009657,CaN2
mp-844,Ca3N2
mp-6645,Ba14Na14CaN6
mp-1105563,GdB4
mp-28366,Gd2B5
mp-22266,GdB6
mp-6058,K2NaScF6
mp-642644,V2H
mp-2493,CeN
mp-510430,Li13In3
mp-31324,Li2In
mp-21293,Li3In2
mp-22735,Ca2Sn
mp-29241,Ca3SnO
mp-304,Ca2Ge
mp-680302,Ca31Sn20
mp-2360,CaGe
mp-17193,Ca3GeO
mp-1884,Ca5Ge3
mp-8789,Ca4As2O
mp-2432,CaMg2
mp-9564,Ca(MgAs)2
mp-5962,NaMgAs
mp-1184449,CaMg149
mp-680381,K2Na2Gd4Nb2O13
mp-29110,Al2(FeSi)3
mp-1229054,Al53Fe17Si12
mp-1714,FeSi2
mp-871,FeSi
mp-1183162,AlFe3
mp-2199,Fe3Si
mp-570001,Al6Fe
mp-1229249,Al79(Fe13Si9)2
mp-1190708,Al3Fe2Si
mp-867878,AlFe2Si
mp-2658,AlFe
mp-1214901,Al12Fe7
mp-661,AlN
mp-10572,NaPN2
mp-5598,Sm2SO2
mp-1903,BaAl4
mp-5506,Ba(AlSi)2
mp-4202,BaAl2O4
mp-9578,Ba3(AlSi)2
mp-567701,Ba21Al40
mp-2631,Ba4Al5
mp-13149,BaAlSi
mp-1196869,Ba3Al2O6
mp-570400,Ba7Al10
mp-5532,Sr2TiO4
mp-3349,Sr3Ti2O7
mp-4651,SrTiO3
mp-17904,Nd2TiO5
mp-31213,Sr4Ti3O10
mp-4019,CaTiO3
mp-20273,Ca3PbO
mp-30478,Ca2Pb
mp-9546,Yb2C3
mp-864603,YbH2
mp-1103975,YbC6
mp-2786,Ca5Zn3
mp-30483,CaZn
mp-1725,CaZn2
mp-1734,CaZn5
mp-18567,CaZn11
mp-30883,V4Zn5
mp-1102209,GdRe2
mp-1029851,Na2GeN2
mp-2807,ScP
mp-22600,Sc3P2
mp-1188800,Sc3P
mp-7639,Na2CuP
mp-1591,Al4C3
mp-20937,Cr3C2
mp-1196316,Cr7C3
mp-723,Cr23C6
mp-28731,V6C5
mp-20648,V2C
mp-1195743,V18P9C2
mp-22204,Co2P
mp-4484,Ba(PRu)2
mp-9172,Li4TiO4
mp-38280,LiTiO2
mp-774749,RbNa3Li12Ti4O16
mp-2931,Li2TiO3
mp-861607,KNaNdTaO5
mp-31417,Nd3TaO7
mp-861868,KNaLaTaO5
mp-13019,NaLa2TaO6
mp-861944,KNaPrTaO5
mp-14964,Pr3TaO7
mp-3933,Mg2PN3
mp-1559,Mg3N2
mp-554546,Eu2SiO4
mp-1915,Fe2B
mp-1080525,FeB
mp-8973,NaSi2N3
mp-7631,SiC
mp-6406,Na2MgSiO4
mp-6988,FeN
mp-1804,Fe3N
mp-866641,K2Na(H2N)3
mp-570606,Pr4Ge3
mp-511,PrGe
mp-867190,Pr4Ge7
mp-1209801,Pr3Ge5
mp-2057,DyB2
mp-2719,DyB4
mp-16037,Dy2TeO2
mp-1189298,YbB4
mp-1779,YbTe
mp-419,YbB6
mp-23063,Ba4Cl6O
mp-568662,BaCl2
mp-1201345,Ba5B3ClO9
mp-1079891,Ba2Br2O
mp-555218,Ba4Br6O
mp-27456,BaBr2
mp-1199246,Ba5B3BrO9
mp-36111,LiMgP
mp-865939,LiMg2
mp-1094889,LiMg
mp-1094598,Li3Mg
mp-981935,Li5Mg
mp-20318,Mn2B
mp-8365,MnB
mp-1106184,MnB4
mp-34763,NaAlB14
mp-20049,LiFeP
mp-760680,Li2Fe12P7
mp-541010,Li2Ni12P7
mp-1211138,Li5Ni9P7
mp-1334,Y2C
mp-24650,YH2
mp-9459,Y4C5
mp-1200885,Y4C7
mp-1200613,Y3C4
mp-510401,GdP
mp-753721,GdOF
mp-532160,Ca14MnP11
mp-994,YP
mp-3637,YOF
mp-3700,LiYF4
mp-1021323,LiC12
mp-1227337,Ca6Al7O16F
mp-1205337,Ca3(AlP2)2
mp-721592,Ca6Al7O16
mp-1202079,Ti21Mn25
mp-2108,Ti5Si3
mp-1949,TiMn2
mp-11649,Ca3SiO
mp-865652,TiMn2Si
mp-505527,Ti5Si4
mp-21606,TiMnSi2
mp-7092,TiSi
mp-4481,Ca2SiO4
mp-1077503,TiSi2
mp-22227,ZrMnSi
mp-2116,ZrMn2
mp-1215386,Zr3Ti2Si3
mp-4571,CaZrO3
mp-1100897,Y2Zr8O19
mp-12678,TaMn2
mp-1079146,Th3Si2
mp-21238,ThSi
mp-7497,ThSi2
mp-680671,Mg4Zn7
mp-1185642,Mg149Zn
mp-570025,Mg21Zn25
mp-1124,MgZn2
mp-510522,Zr5Sn3
mp-24286,ZrH2
mp-697179,ZrH
mp-1106020,Zr5SiSn3
mp-543001,Zr5Sn4
mvc-6413,Ca(FeO2)2
mp-5473,CaMgSi
mp-1216481,V3Cr3Si2
mp-1216445,V9Cr3B8
mp-9973,VB
mp-1187696,VCr3
mp-1080664,CrB
mp-1491,VB2
mp-9208,V2B3
mp-10711,VSi2
mp-1216643,V10Si6B
mp-568671,V5Si3
mp-763,MgB2
mp-569424,Cr2B
mp-15617,Cr5B3
mp-1078278,CrB4
mp-567224,Mg(SiB6)2
mp-978275,MgB7
mp-365,MgB4
mp-10126,V5SiB2
mp-2091,V3B2
mp-2567,V3Si
mp-1216394,VCr
mp-1187695,V3Cr
mp-569270,V3B4
mp-1185596,Mg149Al
mp-7704,Ca(AlSi)2
mp-567191,CaAlSi
mp-1094692,Mg16Al13
mp-640340,Ca4MgAl3
mp-1094116,MgAl2
mp-2478,NbSi2
mp-13686,Nb5Si3
mp-3448,KMgF3
mp-5926,KCaF3
mp-31212,K2MgF4
mp-17850,K3NaTh2O6
mp-24412,K2NaAlH6
mp-23737,KMgH3
mp-24383,Mg(H2N)2
mp-23956,K2MgH4
mp-759183,K2Mg(H2N)4
mp-1145,TiB2
mp-3397,Ba2TiO4
mp-11750,Ti6Si2B
mp-7857,TiB
mp-1025170,Ti3B4
mp-2615,LaZn
mp-567258,LaZn2
mp-7083,LaSi
mp-12724,SrZn
mp-10961,La5Si3
mp-569426,SrZn2
mp-9556,SrZnSi
mp-1200584,La3Zn22
mp-2062,LaSi2
mp-30709,La2Zn17
mp-1435,SrZn5
mp-861620,LaZn4
mp-1218249,SrLa4Si3O13
mp-1218375,Sr2Zn5Si3
mp-672707,SrZn13
mp-1224593,La14Zn45Si
mp-571191,LaZn11
mp-1020648,NaLaSiO4
mp-18026,SrZn11
mp-3949,K7LiSi8
mp-1199908,Cs7NaSi8
mp-4877,CsNa2Si17
mp-17183,Na2BeSiO4
mp-305,TiFe
mp-866141,TiFe2Si
mp-2454,TiFe2
mp-21662,TiFeSi2
mp-8648,TiFeSi
mp-1205813,Gd2MgSi2
mp-2636,GdMg
mp-20534,GdMg3
mp-973391,LiSiB6
mp-41095,Na3Sr3AlP4
mp-1214417,BaC6
mp-1800,Nd2C3
mp-1845,CaBe13
mp-20857,CoB
mp-1228113,Ba5P3O12F
mp-28160,Ca3C3Cl2
mp-1227232,Ca6Al7ClO16
mp-23859,CaHCl
mp-23326,Ca4Cl6O
mp-22904,CaCl2
mp-984055,Ca7(H6Cl)2
mp-1139,Co3Mo
mp-568987,Na2BeH4
mp-24726,TiH2
mp-5597,Ca(FeP)2
mp-173,MnAl6
mp-2856,Mn4Al11
mp-771,MnAl
mp-23954,Na2H2Pd
mp-568643,RbC8
mp-695998,K2ZnH4
mp-292,V3As
mp-8780,Cr2N
mp-1183691,CrN
mp-1029705,Na15Cr7N19
mp-1935,BaMg2
mp-568512,Ba6Mg23
mp-8278,Ba(MgP)2
mp-1813,Ba2Mg17
mp-2983,Ba(PN2)2
mp-867889,KNaGdTaO5
mp-4547,La2TeO2
